30DB65EE,Harumi’s Z-Tune,A
52A6B005,Ayumi’s Z-Tune,A
27D58843,Carver Viper,A
CAF18AF3,Megane Trophy,A
E5BCD036,Dodge Challenger Race,A
6A0D43DE,Chevrolet Camaro Drag,A
C9334630,C3 Drag,A
1881A4FD,Ford Transit Supervan,A
BF825089,R8,A
439DD07D,FR-100 A Class,A
FF9610E5,Ford GT-R Concept,A
8BCA0BC7,Vauxall Monaro Drift,A
E88918A8,Hennessey Venom Viper,A
8A074609,Corvette C3 Race,A
BDE89F94,CCX-R,A
96C30FAA,Z-Tune,A
E5241814,Viper GTS-R,A
80485200,Opel Astra Extreme,A
D97FE9D2,Shannon’s Astra Extreme,A
4C2C51F6,Natalya’s BMW 1 Series Race,B
76C03521,Talon’s ZR1,B
C6E9FB2C,Scirocco 24,B
F1B92BB3,Bowler Nemesis,B
35BFF2B6,Corvette C3 Rat,B
53CC6AB9,Dodge Challenger SRT8 Race,B
AADE1B33,Dodge Viper ACR,B
EF8478B0,Ford F-100 Off-Road,B
EC28D657,BMW M3 E92 Drift,B
54A5E67F,Ford GT,B
4525AC24,Chevrolet HHR Race,B
33B5B0D5,Lotus Exige Cup,B
44CCB390,BMW X5,B
7DD5019F,Volkswagen Golf W12,B
E9036A83,Ford Focus RS Race,B
589E26C5,BMW 1 Series Concept Race,B
47E84C12,Corvette ZR1,B
444B35BC,Rhymer’s Camaro SS,C
423E40F9,Drake’s Hummer H2,C
039EC541,Land Rover LRX,C
2F767E42,Audi TTS Coupé,C
1632FEFF,Nissan 350Z Drift,C
5430462A,Ford F-150 SVT Off-Road,C
107F62CF,Ford F-100 Rat,C
61772243,Toyota Supra Smooth,C
AF7B2521,Hummer H2 Rat,C
1EBB0EF0,Ford Bronco,C
45F79341,M3 E92 Tuner,C
955F86EA,Shelby GT500,C
C0DFCF5C,Nissan Navara Rat,C
18B30EBA,Volkswagen Beetle Off-Road,C
1A493291,Foose 69 Camaro,C
9A09A271,Chevrolet Camaro SS,C
7517867E,Hummer H2 Off-Road,C
F71A635A,Shannon’s Megane,D
83ECAEB7,Khan’s Foose Stallion Ford Mustang,D
E5D6BF13,Ford Focus RS,D
D77674DD,Chevrolet Camaro,D
C5AE3294,Land Rover Defender SVX,D
C51DD80B,Dodge Challenger SRT8,D
F7548598,Nissan Navarra Off-Road,D
F157ABF6,Volkswagen Beetle Rat,D
D4D6844A,350Z S-Tune,D
228989A1,BMW 1 Series Concept,D
BA403E6A,Chevrolet Camaro Rat,D
45DB1AFC,Audi S3,D
BCB35A68,Toyota Supra,D
BFE0724B,AC ACS1 Coupé,D
08BDBECF,Rat Rod,D
6A392D0D,Renault R26,D
4D497F49,Stallion Ford Mustang,D
791337C9,Chevrolet Camaro SS Legendary,L
1E6F7515,Bowler Nemesis Legendary,L
1C464B46,BMW M3 E92 Drift Legendary,L
065ED76C,AC ACS1 Legendary,L
26978FAD,Audi TTRS Legendary,L
9FF3215E,Ford GT-R Concept Legendary,L
6FB11570,Vauxall Monaro Legendary,L
E0784D7A,Dodge Viper ACR Legendary,L
8B61B6CB,Dodge Challenger SRT8 Legendary,L
E86517DA,Opel Astra Legendary,L
4A6DCAAC,BMW 1 Series Concept Race Chrome,L
