7052E26D,Barcelona Oval 0, ,, 
2E5A15AD,Barcelona Oval 1, ,, 
20B6B086,Barcelona Oval 2, ,, 
AAA1B1E2,Barcelona Oval OBJTest, ,, 
CB6F3607,Barcelona Bowl Multiplayer, ,, 
AD8AC8DD,Brighton 0, ,, 
1BA6BC7C,Brighton 3, ,, 
DE751EF5,Brighton 1, ,, 
8ED3748A,Brighton 2, ,, 
3D8648D4,Brighton OBJTest, ,, 
C8874E12,Barcelona Gracia 0, ,, 
6B7F84A9,Barcelona Gracia 5,"Barcelona Gracia Catalon Climb",, 
7E44C102,Barcelona Gracia 2, ,, 
B101F3E3,Barcelona Gracia 1, ,, 
220618D0,Barcelona Gracia OBJTest, ,, 
D7BE5017,Hackney 0, ,, 
6FFB835F,Hackney 4, ,, 
ADC4565D,Hackney 1, ,, 
B2E94D65,Hackney 2, ,, 
FAFC43C2,Hackney OBJTest, ,, 
365A054E,Hollywood Hills 0, ,, 
DC299807,Hollywood Hills 2, ,, 
FAE8744B,Hollywood Hills 1, ,, 
363800A4,Amboy 0, ,, 
95A9BE25,Amboy 3, ,, 
F862B1A5,Amboy 1, ,, 
C4D4E883,Amboy OBJTest, ,, 
877C149E,Graphical 0, ,, 
1DD755D9,Graphical 1, ,, 
BD7159E1,LA Downtown 0, ,, 
C2689C5B,LA Downtown 1, ,, 
7C718051,LA Downtown 4, ,, 
9BEE0E00,LA Downtown 6, ,, 
B31D8F36,LA Downtown OBJTest, ,, 
343EC81E,Amboy Bowl Multiplayer, ,, 
D2AFFC84,LA Docks 0, ,, 
45D6FD28,LA Docks 3, ,, 
1CE9CC75,LA Docks 2, ,, 
BAA85F61,LA Downtown Highrise Multiplayer, ,, 
BB7D0EFC,LA Downtown FigureOf8 Multiplayer, ,, 
D5646BA7,LA River 0, ,, 
7C11F461,LA River 3, ,, 
9B135CAF,LA River 6, ,, 
B2DD73D1,LA River OBJTest, ,, 
ECC9A109,Mount Haruna 0, ,, 
C60C6816,Mount Haruna 1, ,, 
601A14E8,Mount Haruna OBJTest, ,, 
0AE244E3,NY Dumbo 0, ,, 
8E546BE5,NY Dumbo 3, ,, 
41C75887,NY Dumbo 2, ,, 
0A714E7B,NY Dumbo OBJTest, ,, 
192221B9,QuickExport, ,, 
F423DB62,QuickExport 1, ,, 
A823CDCE,QuickExport 2, ,, 
AD0F1F94,QuickExport 3, ,, 
11ABA2BE,QuickExport 4, ,, 
6B708695,QuickExport 5, ,, 
BA0B165E,QuickExport 6, ,, 
AD9FD910,SanFran Russian Hill 0, ,, 
C94289AB,SanFran Russian Hill 1, ,, 
7585C4E1,SanFran Sausalito 0, ,, 
525232C9,SanFran Sausalito 2, ,, 
67A27A59,SanFran Sausalito 1, ,, 
473DA459,Show Room, ,, 
7F28487B,Tokyo Shutoko 0, ,, 
C8D8699F,Tokyo Shutoko 2, ,, 
E9FB1071,Tokyo Shutoko 4, ,, 
AB80DB87,Tokyo Shutoko OBJTest, ,, 
F964DB7F,Vehicle Test Scene, ,, 
